{"Year":[2011,2012,2013,2014,2015,2016,2017,2018,2019,2020,2021,2022],"Value":[0.250391804,0.267195092,0.274112804,0.284416294,0.291266821,0.312249399,0.328077505,0.336584392,0.349461828,0.374819414,0.371525128,0.369681224]}