{"Year":[2016,2017,2018,2019,2020,2021],"Value":[94.38680359,93.79770714,91.93344991,85.21275441,85.66185372,87.57680536]}