{"Year":[2014,2016],"Value":[21999263.6900000013,23959660.3200000003]}