{"Year":[2021,2021,2021],"Attribute":["Female","Male",null],"Value":[23.2911985,22.28169014,22.78644432]}