{"Year":[2021],"Very dissatisfied":["2.49296855"],"Dissatisfied":["9.613909486"],"Value":[12.10687804]}