Year,Value
2019,0.00097296
2020,0.001020642
2021,0.001099492
2022,0.001297151
