{"data":{"Year":[2014,2016],"Value":[0.032022886,0.03415487]},"edges":[]}