Year,Value
2019,0.0134929
2020,0.013115916
2021,0.017240292
2022,0.015967957
