Year,Value
2019,0.017458953
2020,0.017028372
2021,0.020834647
2022,0.020309413
