Year,Value
2019,0.559890287
2020,0.551609808
2021,0.685320414
2022,0.708090135
