{"data":{"Year":[2022,2022,2022],"Gender":["Female","Male",null],"Value":[0.602137177,0.397862823,0.514446433]},"edges":[]}