{"data":{"Year":[2016,2017,2018,2019,2020,2021,2022],"Value":[88.01026828,87.27380891,85.80125962,82.64904737,87.23893689,85.84236111,87.7285129]},"edges":[]}