{"data":{"Year":[2019,2020,2021,2022],"Value":[0.097295982,0.102064249,0.109949179,0.129715146]},"edges":[]}