{"data":{"Year":[2019,2020,2021,2022],"Value":[0.017458953,0.017028372,0.020834647,0.020309413]},"edges":[]}