{"data":{"Year":[2016,2017,2018,2019,2020,2021],"Value":[93.78166692,93.58485775,94.20692041,91.90568763,92.34524059,92.34508858]},"edges":[]}