{"data":{"Year":[2022,2022,2022,2022],"Source":["Other source of electricity","Other source of energy for heating water","Wood",null],"Value":[10.70745698,3.059273423,0.382409178,14.14913958]},"edges":[]}