{"data":{"Year":[2011,2012,2013,2014,2015,2016,2017,2018,2019,2020,2021],"Value":[0.802124879,0.79651921,4.857387106,7.361723829,5.905276746,3.932046084,-1.445734776,2.36559657,13.91993404,-9.901665575,-0.871652445]},"edges":[]}