{"data":{"Year":[1993,1994,1995,1996,1997,1998,1999,2000,2001,2002,2003,2004,2005,2006,2007,2008,2009,2010,2011,2012,2013,2014,2015,2016,2017,2018,2019,2020,2021],"Value":[6.174768,7.488567,8.509795,9.079805,10.218646,11.750582,12.703206,13.300354,16.843108,19.859663,25.253882,23.086412,22.050307,21.247594,19.817009,17.989666,19.678886,21.311071,21.272336,21.643354,21.883791,22.580265,23.5773,25.093388,26.046173,26.056706,28.117342,29.651869,35.059828]},"edges":[]}