Year,Very dissatisfied,Dissatisfied,Value
2021,2.49296855,9.613909486,12.10687804
