Year,Attribute,Value
2021,Female,23.2911985
2021,Male,22.28169014
2021,,22.78644432
