Year	Attribute	Value
2022	No	96.92307692
2022	Yes	2.564102564
2022	Unspecified	0.512820513
