Year,Female,Male,Value
2021,0.232911985,0.222816901,0.227864443
