Year,Female %,Male %,Value
2022,0.602137177,0.397862823,0.514446433
