Year,Gender,Value
2022,Female,0.602137177
2022,Male,0.397862823
2022,,0.514446433
