Year,Attribute,Value
2021,Very dissatisfied,2.49296855
2021,Dissatisfied,9.613909486
2021,,12.10687804
