{"Year":[2011,2011,2011,2011,2012,2012,2012,2012,2013,2013,2013,2013,2014,2014,2014,2014,2015,2015,2015,2015,2016,2016,2016,2016,2017,2017,2017,2017,2018,2018,2018,2018,2019,2019,2019,2019,2020,2020,2020,2020,2021,2021,2021,2021,2022,2022,2022,2022],"Attribute":["Pov_Food_%","Pov_Low_%","Pov_Upper_%",null,"Pov_Food_%","Pov_Low_%","Pov_Upper_%",null,"Pov_Food_%","Pov_Low_%","Pov_Upper_%",null,"Pov_Food_%","Pov_Low_%","Pov_Upper_%",null,"Pov_Food_%","Pov_Low_%","Pov_Upper_%",null,"Pov_Food_%","Pov_Low_%","Pov_Upper_%",null,"Pov_Food_%","Pov_Low_%","Pov_Upper_%",null,"Pov_Food_%","Pov_Low_%","Pov_Upper_%",null,"Pov_Food_%","Pov_Low_%","Pov_Upper_%",null,"Pov_Food_%","Pov_Low_%","Pov_Upper_%",null,"Pov_Food_%","Pov_Low_%","Pov_Upper_%",null,"Pov_Food_%","Pov_Low_%","Pov_Upper_%",null],"Value":[0.128977783,0.235019084,0.387178544,0.250391804,0.144664621,0.252895414,0.40402524,0.267195092,0.149232943,0.260545202,0.412560266,0.274112804,0.158809821,0.272627615,0.421811447,0.284416294,0.163488942,0.281541771,0.428769749,0.291266821,0.187802204,0.303271525,0.445674469,0.312249399,0.202645253,0.319859083,0.46172818,0.328077505,0.207753505,0.329022314,0.472977357,0.336584392,0.216191016,0.342424269,0.489770199,0.349461828,0.239838772,0.368320085,0.516299386,0.374819414,0.238412237,0.363811262,0.512351885,0.371525128,0.23680127,0.360854826,0.511387574,0.369681224]}