{"Year":[2021,2022],"Value":[23.69297178,-14.71747121]}