{"Year":[2021,2021,2021],"Attribute":["Very dissatisfied","Dissatisfied",null],"Value":[2.49296855,9.613909486,12.10687804]}