{"Year":[2019,2020,2021,2022],"Value":[55.98902869,55.16098078,68.53204144,70.80901351]}