{"Year":[2019,2020,2021,2022],"Value":[1.349289993,1.311591634,1.724029209,1.596795656]}