{"Year":[2014,2015,2016,2017,2018,2019,2020,2021],"Value":[3.749797308,2.718330727,3.140303148,3.147746847,3.165993879,3.19939712,4.129267357,4.058316664]}