{"Year":[2017,2018,2019,2020,2021,2022],"Value":[39.40520446,39.62962963,39.47368421,41.19850187,41.79104478,35.68773234]}