{"Year":[1993,1994,1995,1996,1997,1998,1999,2000,2001,2002,2003,2004,2005,2006,2007,2008,2009,2010,2011,2012,2013,2014,2015,2016,2017,2018,2019,2020,2021],"Value":[15.90924243,15.70716644,15.66037921,15.57595515,15.56891943,15.59418874,15.71538273,16.02640513,16.10713408,15.71953643,14.39349407,15.66910685,20.85255682,21.46753496,22.94370444,27.0749119,27.48326794,25.62098855,24.93797639,24.22423414,24.63346762,24.84124579,24.94425316,22.95431006,23.63002874,23.10572849,21.83242309,18.87048523,16.46279722]}