{"Year":[2011,2012,2013,2014,2015,2016,2017,2018,2019,2020,2021,2022],"Value":[14.78436579,14.70139424,14.58434765,14.86407349,14.60402385,14.52987939,14.63666371,14.50303968,14.52599756,13.71373211,14.24958142,14.62107022]}