{"data":{"Year":[2011,2011,2011,2011,2012,2012,2012,2012,2013,2013,2013,2013,2014,2014,2014,2014,2015,2015,2015,2015,2016,2016,2016,2016,2017,2017,2017,2017,2018,2018,2018,2018,2019,2019,2019,2019,2020,2020,2020,2020,2021,2021,2021,2021,2022,2022,2022,2022],"Attribute":["Pov_Food_%","Pov_Low_%","Pov_Upper_%","Average","Pov_Food_%","Pov_Low_%","Pov_Upper_%","Average","Pov_Food_%","Pov_Low_%","Pov_Upper_%","Average","Pov_Food_%","Pov_Low_%","Pov_Upper_%","Average","Pov_Food_%","Pov_Low_%","Pov_Upper_%","Average","Pov_Food_%","Pov_Low_%","Pov_Upper_%","Average","Pov_Food_%","Pov_Low_%","Pov_Upper_%","Average","Pov_Food_%","Pov_Low_%","Pov_Upper_%","Average","Pov_Food_%","Pov_Low_%","Pov_Upper_%","Average","Pov_Food_%","Pov_Low_%","Pov_Upper_%","Average","Pov_Food_%","Pov_Low_%","Pov_Upper_%","Average","Pov_Food_%","Pov_Low_%","Pov_Upper_%","Average"],"Value":[12.89777834,23.50190838,38.71785437,25.03918036,14.46646206,25.28954141,40.40252401,26.71950916,14.92329434,26.05452024,41.25602662,27.4112804,15.88098207,27.26276152,42.1811447,28.44162943,16.34889423,28.1541771,42.87697494,29.12668209,18.78022042,30.32715249,44.56744688,31.22493993,20.26452529,31.98590829,46.17281802,32.80775053,20.77535049,32.90223143,47.29773573,33.65843922,21.61910157,34.24242693,48.97701992,34.9461828,23.98387715,36.83200852,51.6299386,37.48194142,23.84122374,36.38112617,51.23518852,37.15251281,23.680127,36.08548265,51.13875741,36.96812235]},"edges":[]}