{"data":{"Year":[1993,1994,1995,1996,1997,1998,1999,2000,2001,2002,2003,2004,2005,2006,2007,2008,2009,2010,2011,2012,2013,2014,2015,2016,2017,2018,2019,2020],"Value":[1802.379956,2007.471176,1870.713392,2237.865731,1634.180413,1979.384854,2823.455604,2229.40096,3184.513814,2227.486813,4814.607497,4603.282264,2860.166213,4622.582159,4098.729828,989.747256,2791.131344,3257.470762,3147.26834,2789.168448,2859.785178,2770.516372,2703.415917,2701.568713,2355.381717,1082.973411,-5117.947477,5608.08007]},"edges":[]}