{"data":{"Year":[2020,2021],"Value":[68.25431935,66.14441886]},"edges":[]}