{"data":{"Year":[2009,2010,2011,2012,2013],"Value":[0.808193,4.583006,2.663646,2.460324,1.343188]},"edges":[]}