{"data":{"Year":[2019,2020,2021,2022],"Value":[0.0134929,0.013115916,0.017240292,0.015967957]},"edges":[]}