{"data":{"Year":[2016,2017,2018,2019,2020,2021],"Value":[75.86233432,74.43886184,71.26340853,70.82870007,77.94865326,77.60518939]},"edges":[]}