{"data":{"Year":[2011,2012,2013,2014,2015,2016,2017,2018,2019,2020,2021,2022],"Value":[6.036791322,6.325615231,6.355898558,6.471365513,5.494768501,5.514081609,4.891043402,5.113087498,6.512173739,3.634636672,26.24723465,23.23423725]},"edges":[]}