{"Year":[2022],"Female %":["0.602137177"],"Male %":["0.397862823"],"Value":[0.514446433]}