{"Year":[2019,2020,2021,2022],"Value":[0.559890287,0.551609808,0.685320414,0.708090135]}