{"Year":[2019,2020,2021,2022],"Value":[0.00097296,0.001020642,0.001099492,0.001297151]}