{"Year":[2019,2020,2021,2022],"Value":[1.745895274,1.702837187,2.083464706,2.030941276]}