{"Year":[1993,1994,1995,1996,1997,1998,1999,2000,2001,2002,2003,2004,2005,2006,2007,2008,2009,2010,2011,2012,2013,2014,2015,2016,2017,2018,2019,2020,2021],"Value":[58.21139453,58.71108817,59.45323958,60.26865911,61.01886601,62.55002016,64.06795074,64.79917528,65.55873611,65.64973452,66.3802221,67.53032389,68.17724167,69.02482648,69.92540241,70.4485223,70.72103267,70.77348157,70.71253377,70.64426842,70.53808701,70.42575953,70.29744509,70.15902873,70.07390682,70.0432738,70.09283901,70.17574126,70.19171736]}