{"Year":[2022,2022,2022],"Attribute":["No","Yes","Unspecified"],"Value":[96.92307692,2.564102564,0.512820513]}