{"Year":[1993,1994,1995,1996,1997,1998,1999,2000,2001,2002,2003,2004,2005,2006,2007,2008,2009,2010,2011,2012,2013,2014,2015,2016,2017,2018,2019,2020,2021],"Value":[44.25958899,50.59683023,53.99314916,55.28506852,58.67797202,61.84754716,63.72514724,60.48058127,59.38731345,55.87503029,51.87465204,54.80914393,50.5663647,49.17730191,48.0719039,44.60794971,48.69472007,52.59750481,53.01363951,53.39180135,54.49313731,57.11890365,57.2987431,59.73286958,60.60276805,63.96293701,65.21448825,78.28980397,74.51403872]}