{"Year":[2011,2012,2013,2014,2015,2016,2017,2018,2019,2020,2021,2022],"Value":[13.3380597,13.08924208,12.78669457,12.45514871,12.0876819,11.96438451,11.95839587,11.7282293,11.51759396,11.32018619,11.12915909,11.22723871]}